Nom,Prenom,Email,CIN,Tel,Classe,Password
Abidi,Ahmed,ahmed.abidi.1@esip.tn,11223344,22111111,INFO1,pass1234
Belhaj,Sami,sami.belhaj.2@esip.tn,22334455,22111112,INFO2,pass1234
Chabane,Ines,ines.chabane.3@esip.tn,33445566,22111113,INFO3,pass1234
Dridi,Omar,omar.dridi.4@esip.tn,44556677,22111114,ENG1,pass1234
Elloumi,Sarra,sarra.elloumi.5@esip.tn,55667788,22111115,ENG2,pass1234
Fakhfakh,Mehdi,mehdi.fakhfakh.6@esip.tn,66778899,22111116,GESTION1,pass1234
Ghrab,Lina,lina.ghrab.7@esip.tn,77889900,22111117,INFO1,pass1234
Hammami,Youssef,youssef.hammami.8@esip.tn,88990011,22111118,INFO2,pass1234
Idoudi,Amal,amal.idoudi.9@esip.tn,99001122,22111119,INFO3,pass1234
Jridi,Bassem,bassem.jridi.10@esip.tn,10112233,22111120,ENG1,pass1234
Kammoun,Mouna,mouna.kammoun.11@esip.tn,11223344,22111121,ENG2,pass1234
Ladjimi,Karim,karim.ladjimi.12@esip.tn,12334455,22111122,GESTION1,pass1234
Masmoudi,Rania,rania.masmoudi.13@esip.tn,13445566,22111123,INFO1,pass1234
Neffati,Wajdi,wajdi.neffati.14@esip.tn,14556677,22111124,INFO2,pass1234
Ouali,Nour,nour.ouali.15@esip.tn,15667788,22111125,INFO3,pass1234
Rekik,Faten,faten.rekik.16@esip.tn,16778899,22111126,ENG1,pass1234
Saidi,Hamza,hamza.saidi.17@esip.tn,17889900,22111127,ENG2,pass1234
Trabelsi,Sonia,sonia.trabelsi.18@esip.tn,18990011,22111128,GESTION1,pass1234
Zouari,Farah,farah.zouari.19@esip.tn,19001122,22111129,INFO1,pass1234
Baccar,Anis,anis.baccar.20@esip.tn,20112233,22111130,INFO2,pass1234
Chaibi,Hiba,hiba.chaibi.21@esip.tn,21223344,22111131,INFO3,pass1234
Dali,Zied,zied.dali.22@esip.tn,22334455,22111132,ENG1,pass1234
Essoussi,Meriem,meriem.essoussi.23@esip.tn,23445566,22111133,ENG2,pass1234
Fekih,Skander,skander.fekih.24@esip.tn,24556677,22111134,GESTION1,pass1234
Gammoudi,Olfa,olfa.gammoudi.25@esip.tn,25667788,22111135,INFO1,pass1234
Hanchi,Raouf,raouf.hanchi.26@esip.tn,26778899,22111136,INFO2,pass1234
Issaoui,Khaled,khaled.issaoui.27@esip.tn,27889900,22111137,INFO3,pass1234
Jamoussi,Emna,emna.jamoussi.28@esip.tn,28990011,22111138,ENG1,pass1234
Kchaou,Rami,rami.kchaou.29@esip.tn,29001122,22111139,ENG2,pass1234
Loukil,Nada,nada.loukil.30@esip.tn,30112233,22111140,GESTION1,pass1234
Mbarek,Walid,walid.mbarek.31@esip.tn,31223344,22111141,INFO1,pass1234
Nouira,Alya,alya.nouira.32@esip.tn,32334455,22111142,INFO2,pass1234
Osman,Tarek,tarek.osman.33@esip.tn,33445566,22111143,INFO3,pass1234
Rezgui,Yasmine,yasmine.rezgui.34@esip.tn,34556677,22111144,ENG1,pass1234
Souissi,Ilyes,ilyes.souissi.35@esip.tn,35667788,22111145,ENG2,pass1234
Toumi,Leila,leila.toumi.36@esip.tn,36778899,22111146,GESTION1,pass1234
Yahyaoui,Adel,adel.yahyaoui.37@esip.tn,37889900,22111147,INFO1,pass1234
Zghal,Rim,rim.zghal.38@esip.tn,38990011,22111148,INFO2,pass1234
Ayadi,Sami,sami.ayadi.39@esip.tn,39001122,22111149,INFO3,pass1234
Ben amor,Nour,nour.benamor.40@esip.tn,40112233,22111150,ENG1,pass1234
